{"name":"corejs","content":{"./node_modules/_core-js@3.6.5@core-js/internals/global.js":{"id":0,"buildMeta":{"providedExports":true}},"./node_modules/_core-js@3.6.5@core-js/internals/well-known-symbol.js":{"id":1,"buildMeta":{"providedExports":true}},"./node_modules/_core-js@3.6.5@core-js/internals/has.js":{"id":2,"buildMeta":{"providedExports":true}},"./node_modules/_core-js@3.6.5@core-js/internals/fails.js":{"id":3,"buildMeta":{"providedExports":true}},"./node_modules/_core-js@3.6.5@core-js/internals/is-object.js":{"id":4,"buildMeta":{"providedExports":true}},"./node_modules/_core-js@3.6.5@core-js/internals/object-define-property.js":{"id":5,"buildMeta":{"providedExports":true}},"./node_modules/_core-js@3.6.5@core-js/internals/descriptors.js":{"id":6,"buildMeta":{"providedExports":true}},"./node_modules/_core-js@3.6.5@core-js/internals/create-non-enumerable-property.js":{"id":7,"buildMeta":{"providedExports":true}},"./node_modules/_core-js@3.6.5@core-js/internals/an-object.js":{"id":8,"buildMeta":{"providedExports":true}},"./node_modules/_core-js@3.6.5@core-js/internals/redefine.js":{"id":9,"buildMeta":{"providedExports":true}},"./node_modules/_core-js@3.6.5@core-js/internals/iterators.js":{"id":10,"buildMeta":{"providedExports":true}},"./node_modules/_core-js@3.6.5@core-js/internals/to-indexed-object.js":{"id":11,"buildMeta":{"providedExports":true}},"./node_modules/_core-js@3.6.5@core-js/internals/internal-state.js":{"id":12,"buildMeta":{"providedExports":true}},"./node_modules/_core-js@3.6.5@core-js/internals/hidden-keys.js":{"id":13,"buildMeta":{"providedExports":true}},"./node_modules/_core-js@3.6.5@core-js/internals/create-property-descriptor.js":{"id":14,"buildMeta":{"providedExports":true}},"./node_modules/_core-js@3.6.5@core-js/internals/require-object-coercible.js":{"id":15,"buildMeta":{"providedExports":true}},"./node_modules/_core-js@3.6.5@core-js/internals/set-global.js":{"id":16,"buildMeta":{"providedExports":true}},"./node_modules/_core-js@3.6.5@core-js/internals/shared-key.js":{"id":17,"buildMeta":{"providedExports":true}},"./node_modules/_core-js@3.6.5@core-js/internals/is-pure.js":{"id":18,"buildMeta":{"providedExports":true}},"./node_modules/_core-js@3.6.5@core-js/internals/uid.js":{"id":19,"buildMeta":{"providedExports":true}},"./node_modules/_core-js@3.6.5@core-js/internals/get-built-in.js":{"id":20,"buildMeta":{"providedExports":true}},"./node_modules/_core-js@3.6.5@core-js/internals/path.js":{"id":21,"buildMeta":{"providedExports":true}},"./node_modules/_core-js@3.6.5@core-js/internals/to-integer.js":{"id":22,"buildMeta":{"providedExports":true}},"./node_modules/_core-js@3.6.5@core-js/internals/enum-bug-keys.js":{"id":23,"buildMeta":{"providedExports":true}},"./node_modules/_core-js@3.6.5@core-js/internals/to-string-tag-support.js":{"id":24,"buildMeta":{"providedExports":true}},"./node_modules/_core-js@3.6.5@core-js/internals/set-to-string-tag.js":{"id":25,"buildMeta":{"providedExports":true}},"./node_modules/_core-js@3.6.5@core-js/internals/object-create.js":{"id":26,"buildMeta":{"providedExports":true}},"./node_modules/_core-js@3.6.5@core-js/internals/define-iterator.js":{"id":27,"buildMeta":{"providedExports":true}},"./node_modules/_core-js@3.6.5@core-js/internals/collection.js":{"id":28,"buildMeta":{"providedExports":true}},"./node_modules/_core-js@3.6.5@core-js/internals/export.js":{"id":29,"buildMeta":{"providedExports":true}},"./node_modules/_core-js@3.6.5@core-js/internals/object-get-own-property-descriptor.js":{"id":30,"buildMeta":{"providedExports":true}},"./node_modules/_core-js@3.6.5@core-js/internals/classof-raw.js":{"id":31,"buildMeta":{"providedExports":true}},"./node_modules/_core-js@3.6.5@core-js/internals/to-primitive.js":{"id":32,"buildMeta":{"providedExports":true}},"./node_modules/_core-js@3.6.5@core-js/internals/ie8-dom-define.js":{"id":33,"buildMeta":{"providedExports":true}},"./node_modules/_core-js@3.6.5@core-js/internals/document-create-element.js":{"id":34,"buildMeta":{"providedExports":true}},"./node_modules/_core-js@3.6.5@core-js/internals/inspect-source.js":{"id":35,"buildMeta":{"providedExports":true}},"./node_modules/_core-js@3.6.5@core-js/internals/shared-store.js":{"id":36,"buildMeta":{"providedExports":true}},"./node_modules/_core-js@3.6.5@core-js/internals/shared.js":{"id":37,"buildMeta":{"providedExports":true}},"./node_modules/_core-js@3.6.5@core-js/internals/object-keys-internal.js":{"id":38,"buildMeta":{"providedExports":true}},"./node_modules/_core-js@3.6.5@core-js/internals/to-length.js":{"id":39,"buildMeta":{"providedExports":true}},"./node_modules/_core-js@3.6.5@core-js/internals/is-forced.js":{"id":40,"buildMeta":{"providedExports":true}},"./node_modules/_core-js@3.6.5@core-js/internals/internal-metadata.js":{"id":41,"buildMeta":{"providedExports":true}},"./node_modules/_core-js@3.6.5@core-js/internals/iterate.js":{"id":42,"buildMeta":{"providedExports":true}},"./node_modules/_core-js@3.6.5@core-js/internals/native-symbol.js":{"id":43,"buildMeta":{"providedExports":true}},"./node_modules/_core-js@3.6.5@core-js/internals/function-bind-context.js":{"id":44,"buildMeta":{"providedExports":true}},"./node_modules/_core-js@3.6.5@core-js/internals/classof.js":{"id":45,"buildMeta":{"providedExports":true}},"./node_modules/_core-js@3.6.5@core-js/internals/an-instance.js":{"id":46,"buildMeta":{"providedExports":true}},"./node_modules/_core-js@3.6.5@core-js/internals/object-set-prototype-of.js":{"id":47,"buildMeta":{"providedExports":true}},"./node_modules/_core-js@3.6.5@core-js/internals/collection-strong.js":{"id":48,"buildMeta":{"providedExports":true}},"./node_modules/_core-js@3.6.5@core-js/internals/iterators-core.js":{"id":49,"buildMeta":{"providedExports":true}},"./node_modules/_core-js@3.6.5@core-js/internals/object-get-prototype-of.js":{"id":50,"buildMeta":{"providedExports":true}},"./node_modules/_core-js@3.6.5@core-js/modules/es.object.to-string.js":{"id":51,"buildMeta":{"providedExports":true}},"./node_modules/_core-js@3.6.5@core-js/modules/es.string.iterator.js":{"id":52,"buildMeta":{"providedExports":true}},"./node_modules/_core-js@3.6.5@core-js/modules/web.dom-collections.iterator.js":{"id":53,"buildMeta":{"providedExports":true}},"./node_modules/_core-js@3.6.5@core-js/es/set/index.js":{"id":55,"buildMeta":{"providedExports":true}},"./node_modules/_core-js@3.6.5@core-js/modules/es.set.js":{"id":56,"buildMeta":{"providedExports":true}},"./node_modules/_webpack@4.43.0@webpack/buildin/global.js":{"id":57,"buildMeta":{"providedExports":true}},"./node_modules/_core-js@3.6.5@core-js/internals/object-property-is-enumerable.js":{"id":58,"buildMeta":{"providedExports":true}},"./node_modules/_core-js@3.6.5@core-js/internals/indexed-object.js":{"id":59,"buildMeta":{"providedExports":true}},"./node_modules/_core-js@3.6.5@core-js/internals/native-weak-map.js":{"id":60,"buildMeta":{"providedExports":true}},"./node_modules/_core-js@3.6.5@core-js/internals/copy-constructor-properties.js":{"id":61,"buildMeta":{"providedExports":true}},"./node_modules/_core-js@3.6.5@core-js/internals/own-keys.js":{"id":62,"buildMeta":{"providedExports":true}},"./node_modules/_core-js@3.6.5@core-js/internals/object-get-own-property-names.js":{"id":63,"buildMeta":{"providedExports":true}},"./node_modules/_core-js@3.6.5@core-js/internals/array-includes.js":{"id":64,"buildMeta":{"providedExports":true}},"./node_modules/_core-js@3.6.5@core-js/internals/to-absolute-index.js":{"id":65,"buildMeta":{"providedExports":true}},"./node_modules/_core-js@3.6.5@core-js/internals/object-get-own-property-symbols.js":{"id":66,"buildMeta":{"providedExports":true}},"./node_modules/_core-js@3.6.5@core-js/internals/freezing.js":{"id":67,"buildMeta":{"providedExports":true}},"./node_modules/_core-js@3.6.5@core-js/internals/is-array-iterator-method.js":{"id":68,"buildMeta":{"providedExports":true}},"./node_modules/_core-js@3.6.5@core-js/internals/use-symbol-as-uid.js":{"id":69,"buildMeta":{"providedExports":true}},"./node_modules/_core-js@3.6.5@core-js/internals/a-function.js":{"id":70,"buildMeta":{"providedExports":true}},"./node_modules/_core-js@3.6.5@core-js/internals/get-iterator-method.js":{"id":71,"buildMeta":{"providedExports":true}},"./node_modules/_core-js@3.6.5@core-js/internals/call-with-safe-iteration-closing.js":{"id":72,"buildMeta":{"providedExports":true}},"./node_modules/_core-js@3.6.5@core-js/internals/check-correctness-of-iteration.js":{"id":73,"buildMeta":{"providedExports":true}},"./node_modules/_core-js@3.6.5@core-js/internals/inherit-if-required.js":{"id":74,"buildMeta":{"providedExports":true}},"./node_modules/_core-js@3.6.5@core-js/internals/a-possible-prototype.js":{"id":75,"buildMeta":{"providedExports":true}},"./node_modules/_core-js@3.6.5@core-js/internals/object-define-properties.js":{"id":76,"buildMeta":{"providedExports":true}},"./node_modules/_core-js@3.6.5@core-js/internals/object-keys.js":{"id":77,"buildMeta":{"providedExports":true}},"./node_modules/_core-js@3.6.5@core-js/internals/html.js":{"id":78,"buildMeta":{"providedExports":true}},"./node_modules/_core-js@3.6.5@core-js/internals/redefine-all.js":{"id":79,"buildMeta":{"providedExports":true}},"./node_modules/_core-js@3.6.5@core-js/internals/create-iterator-constructor.js":{"id":80,"buildMeta":{"providedExports":true}},"./node_modules/_core-js@3.6.5@core-js/internals/to-object.js":{"id":81,"buildMeta":{"providedExports":true}},"./node_modules/_core-js@3.6.5@core-js/internals/correct-prototype-getter.js":{"id":82,"buildMeta":{"providedExports":true}},"./node_modules/_core-js@3.6.5@core-js/internals/set-species.js":{"id":83,"buildMeta":{"providedExports":true}},"./node_modules/_core-js@3.6.5@core-js/internals/object-to-string.js":{"id":84,"buildMeta":{"providedExports":true}},"./node_modules/_core-js@3.6.5@core-js/internals/string-multibyte.js":{"id":85,"buildMeta":{"providedExports":true}},"./node_modules/_core-js@3.6.5@core-js/internals/dom-iterables.js":{"id":86,"buildMeta":{"providedExports":true}},"./node_modules/_core-js@3.6.5@core-js/modules/es.array.iterator.js":{"id":87,"buildMeta":{"providedExports":true}},"./node_modules/_core-js@3.6.5@core-js/internals/add-to-unscopables.js":{"id":88,"buildMeta":{"providedExports":true}},"./node_modules/_core-js@3.6.5@core-js/es/map/index.js":{"id":89,"buildMeta":{"providedExports":true}},"./node_modules/_core-js@3.6.5@core-js/modules/es.map.js":{"id":90,"buildMeta":{"providedExports":true}}}}